Workbook

Sheet Instructions
A1: AR Aging Report Template
A2: Template for calculating customer receivable balances and aging buckets by invoice.
A4: Section | B4: Details
A5: Purpose | B5: Template for calculating customer receivable balances and aging buckets by invoice.
A6: How to Use | B6: 1. Update the As Of Date on the AR_Aging_Report sheet. 2. Enter or paste customer invoices into Customer_Invoices. 3. Enter payments received against each invoice. 4. Review Days Past Due and Aging Bucket formulas. 5. Use the Customer Summary to identify overdue customers for collection follow-up.
A7: Expected Output | B7: • Current, 1-30, 31-60, 61-90, and 90+ balances • Open balance by customer • Past-due collection priority
A8: Student Rule | B8: Use the sample data first. Then replace the sample rows with your assigned company data. Do not overwrite formula cells unless your instructor tells you to.
A9: Skarion Simulation | B9: These templates support the Skarion Manufacturing LLC accounting job simulation and can be used as student handouts.

Sheet Customer_Invoices
A1: Customer Invoice Detail
A2: Use this as the AR subledger input sheet.
A4: Customer | B4: Invoice # | C4: Invoice Date | D4: Terms Days | E4: Due Date | F4: Original Amount | G4: Payments Received | H4: Open Balance | I4: Days Past Due | J4: Aging Bucket | K4: Collection Notes
A5: Blue Ridge Retail Fixtures | B5: INV-26001 | C5: 46028 | D5: 30 | E5: =C5+D5 -> 46058 | F5: 12500 | G5: 7000 | H5: =MAX(0,F5-G5) -> 5500 | I5: =IF(H5=0,0,MAX(0,AR_Aging_Report!$B$4-E5)) -> 54 | J5: =IF(H5=0,"Paid",IF(I5=0,"Current",IF(I5<=30,"1-30",IF(I5<=60,"31-60",IF(I5<=90,"61-90","90+"))))) -> 31-60
A6: Shenandoah Builders Supply | B6: INV-26002 | C6: 46031 | D6: 30 | E6: =C6+D6 -> 46061 | F6: 18500 | G6: 18500 | H6: =MAX(0,F6-G6) -> 0 | I6: =IF(H6=0,0,MAX(0,AR_Aging_Report!$B$4-E6)) -> 0 | J6: =IF(H6=0,"Paid",IF(I6=0,"Current",IF(I6<=30,"1-30",IF(I6<=60,"31-60",IF(I6<=90,"61-90","90+"))))) -> Paid
A7: Cardinal HVAC Components | B7: INV-26003 | C7: 46036 | D7: 15 | E7: =C7+D7 -> 46051 | F7: 9400 | G7: 5000 | H7: =MAX(0,F7-G7) -> 4400 | I7: =IF(H7=0,0,MAX(0,AR_Aging_Report!$B$4-E7)) -> 61 | J7: =IF(H7=0,"Paid",IF(I7=0,"Current",IF(I7<=30,"1-30",IF(I7<=60,"31-60",IF(I7<=90,"61-90","90+"))))) -> 61-90
A8: Coastal Cabinet Group | B8: INV-26004 | C8: 46042 | D8: 30 | E8: =C8+D8 -> 46072 | F8: 7600 | G8: 0 | H8: =MAX(0,F8-G8) -> 7600 | I8: =IF(H8=0,0,MAX(0,AR_Aging_Report!$B$4-E8)) -> 40 | J8: =IF(H8=0,"Paid",IF(I8=0,"Current",IF(I8<=30,"1-30",IF(I8<=60,"31-60",IF(I8<=90,"61-90","90+"))))) -> 31-60
A9: Metro Equipment Services | B9: INV-26005 | C9: 46047 | D9: 30 | E9: =C9+D9 -> 46077 | F9: 14200 | G9: 8000 | H9: =MAX(0,F9-G9) -> 6200 | I9: =IF(H9=0,0,MAX(0,AR_Aging_Report!$B$4-E9)) -> 35 | J9: =IF(H9=0,"Paid",IF(I9=0,"Current",IF(I9<=30,"1-30",IF(I9<=60,"31-60",IF(I9<=90,"61-90","90+"))))) -> 31-60
A10: Old Dominion Components | B10: INV-26006 | C10: 46054 | D10: 30 | E10: =C10+D10 -> 46084 | F10: 22500 | G10: 15000 | H10: =MAX(0,F10-G10) -> 7500 | I10: =IF(H10=0,0,MAX(0,AR_Aging_Report!$B$4-E10)) -> 28 | J10: =IF(H10=0,"Paid",IF(I10=0,"Current",IF(I10<=30,"1-30",IF(I10<=60,"31-60",IF(I10<=90,"61-90","90+"))))) -> 1-30
A11: Potomac Builder Direct | B11: INV-26007 | C11: 46059 | D11: 30 | E11: =C11+D11 -> 46089 | F11: 5600 | G11: 5600 | H11: =MAX(0,F11-G11) -> 0 | I11: =IF(H11=0,0,MAX(0,AR_Aging_Report!$B$4-E11)) -> 0 | J11: =IF(H11=0,"Paid",IF(I11=0,"Current",IF(I11<=30,"1-30",IF(I11<=60,"31-60",IF(I11<=90,"61-90","90+"))))) -> Paid
A12: Harbor Fixtures LLC | B12: INV-26008 | C12: 46062 | D12: 15 | E12: =C12+D12 -> 46077 | F12: 8750 | G12: 0 | H12: =MAX(0,F12-G12) -> 8750 | I12: =IF(H12=0,0,MAX(0,AR_Aging_Report!$B$4-E12)) -> 35 | J12: =IF(H12=0,"Paid",IF(I12=0,"Current",IF(I12<=30,"1-30",IF(I12<=60,"31-60",IF(I12<=90,"61-90","90+"))))) -> 31-60
A13: Summit Contractors Group | B13: INV-26009 | C13: 46066 | D13: 30 | E13: =C13+D13 -> 46096 | F13: 11300 | G13: 3000 | H13: =MAX(0,F13-G13) -> 8300 | I13: =IF(H13=0,0,MAX(0,AR_Aging_Report!$B$4-E13)) -> 16 | J13: =IF(H13=0,"Paid",IF(I13=0,"Current",IF(I13<=30,"1-30",IF(I13<=60,"31-60",IF(I13<=90,"61-90","90+"))))) -> 1-30
A14: Virginia Transit Parts | B14: INV-26010 | C14: 46071 | D14: 45 | E14: =C14+D14 -> 46116 | F14: 19500 | G14: 0 | H14: =MAX(0,F14-G14) -> 19500 | I14: =IF(H14=0,0,MAX(0,AR_Aging_Report!$B$4-E14)) -> 0 | J14: =IF(H14=0,"Paid",IF(I14=0,"Current",IF(I14<=30,"1-30",IF(I14<=60,"31-60",IF(I14<=90,"61-90","90+"))))) -> Current
A15: Appalachian Retail Systems | B15: INV-26011 | C15: 46074 | D15: 30 | E15: =C15+D15 -> 46104 | F15: 6400 | G15: 0 | H15: =MAX(0,F15-G15) -> 6400 | I15: =IF(H15=0,0,MAX(0,AR_Aging_Report!$B$4-E15)) -> 8 | J15: =IF(H15=0,"Paid",IF(I15=0,"Current",IF(I15<=30,"1-30",IF(I15<=60,"31-60",IF(I15<=90,"61-90","90+"))))) -> 1-30
A16: Chesapeake Fabricators | B16: INV-26012 | C16: 46080 | D16: 30 | E16: =C16+D16 -> 46110 | F16: 15800 | G16: 7800 | H16: =MAX(0,F16-G16) -> 8000 | I16: =IF(H16=0,0,MAX(0,AR_Aging_Report!$B$4-E16)) -> 2 | J16: =IF(H16=0,"Paid",IF(I16=0,"Current",IF(I16<=30,"1-30",IF(I16<=60,"31-60",IF(I16<=90,"61-90","90+"))))) -> 1-30
... A34: Norfolk Facility Group | B34: INV-26030 | C34: 46110 | D34: 30 | E34: =C34+D34 -> 46140 | F34: 8350 | G34: 0 | H34: =MAX(0,F34-G34) -> 8350 | I34: =IF(H34=0,0,MAX(0,AR_Aging_Report!$B$4-E34)) -> 0 | J34: =IF(H34=0,"Paid",IF(I34=0,"Current",IF(I34<=30,"1-30",IF(I34<=60,"31-60",IF(I34<=90,"61-90","90+"))))) -> Current

Sheet AR_Aging_Report
A1: AR Aging Report
A2: Open customer receivables by aging bucket.
A4: As Of Date | B4: 46112
A5: Prepared By | B5: Student
A8: Aging Bucket | B8: Amount | D8: Customer | E8: Current | F8: 1-30 | G8: 31-60 | H8: 61-90 | I8: 90+ | J8: Total
A9: Current | B9: =SUMIFS(Customer_Invoices!$H$5:$H$34,Customer_Invoices!$J$5:$J$34,A9) -> 161650 | D9: Appalachian Retail Systems | E9: =SUMIFS(Customer_Invoices!$H$5:$H$34,Customer_Invoices!$A$5:$A$34,$D9,Customer_Invoices!$J$5:$J$34,E$8) -> 7700 | F9: =SUMIFS(Customer_Invoices!$H$5:$H$34,Customer_Invoices!$A$5:$A$34,$D9,Customer_Invoices!$J$5:$J$34,F$8) -> 6400 | G9: =SUMIFS(Customer_Invoices!$H$5:$H$34,Customer_Invoices!$A$5:$A$34,$D9,Customer_Invoices!$J$5:$J$34,G$8) -> 0 | H9: =SUMIFS(Customer_Invoices!$H$5:$H$34,Customer_Invoices!$A$5:$A$34,$D9,Customer_Invoices!$J$5:$J$34,H$8) -> 0 | I9: =SUMIFS(Customer_Invoices!$H$5:$H$34,Customer_Invoices!$A$5:$A$34,$D9,Customer_Invoices!$J$5:$J$34,I$8) -> 0 | J9: =SUM(E9:I9) -> 14100
A10: 1-30 | B10: =SUMIFS(Customer_Invoices!$H$5:$H$34,Customer_Invoices!$J$5:$J$34,A10) -> 34400 | D10: Arlington Property Services | E10: =SUMIFS(Customer_Invoices!$H$5:$H$34,Customer_Invoices!$A$5:$A$34,$D10,Customer_Invoices!$J$5:$J$34,E$8) -> 0 | F10: =SUMIFS(Customer_Invoices!$H$5:$H$34,Customer_Invoices!$A$5:$A$34,$D10,Customer_Invoices!$J$5:$J$34,F$8) -> 4200 | G10: =SUMIFS(Customer_Invoices!$H$5:$H$34,Customer_Invoices!$A$5:$A$34,$D10,Customer_Invoices!$J$5:$J$34,G$8) -> 0 | H10: =SUMIFS(Customer_Invoices!$H$5:$H$34,Customer_Invoices!$A$5:$A$34,$D10,Customer_Invoices!$J$5:$J$34,H$8) -> 0 | I10: =SUMIFS(Customer_Invoices!$H$5:$H$34,Customer_Invoices!$A$5:$A$34,$D10,Customer_Invoices!$J$5:$J$34,I$8) -> 0 | J10: =SUM(E10:I10) -> 4200
A11: 31-60 | B11: =SUMIFS(Customer_Invoices!$H$5:$H$34,Customer_Invoices!$J$5:$J$34,A11) -> 28050 | D11: Blue Ridge Retail Fixtures | E11: =SUMIFS(Customer_Invoices!$H$5:$H$34,Customer_Invoices!$A$5:$A$34,$D11,Customer_Invoices!$J$5:$J$34,E$8) -> 6850 | F11: =SUMIFS(Customer_Invoices!$H$5:$H$34,Customer_Invoices!$A$5:$A$34,$D11,Customer_Invoices!$J$5:$J$34,F$8) -> 0 | G11: =SUMIFS(Customer_Invoices!$H$5:$H$34,Customer_Invoices!$A$5:$A$34,$D11,Customer_Invoices!$J$5:$J$34,G$8) -> 5500 | H11: =SUMIFS(Customer_Invoices!$H$5:$H$34,Customer_Invoices!$A$5:$A$34,$D11,Customer_Invoices!$J$5:$J$34,H$8) -> 0 | I11: =SUMIFS(Customer_Invoices!$H$5:$H$34,Customer_Invoices!$A$5:$A$34,$D11,Customer_Invoices!$J$5:$J$34,I$8) -> 0 | J11: =SUM(E11:I11) -> 12350
A12: 61-90 | B12: =SUMIFS(Customer_Invoices!$H$5:$H$34,Customer_Invoices!$J$5:$J$34,A12) -> 4400 | D12: Cardinal HVAC Components | E12: =SUMIFS(Customer_Invoices!$H$5:$H$34,Customer_Invoices!$A$5:$A$34,$D12,Customer_Invoices!$J$5:$J$34,E$8) -> 0 | F12: =SUMIFS(Customer_Invoices!$H$5:$H$34,Customer_Invoices!$A$5:$A$34,$D12,Customer_Invoices!$J$5:$J$34,F$8) -> 0 | G12: =SUMIFS(Customer_Invoices!$H$5:$H$34,Customer_Invoices!$A$5:$A$34,$D12,Customer_Invoices!$J$5:$J$34,G$8) -> 0 | H12: =SUMIFS(Customer_Invoices!$H$5:$H$34,Customer_Invoices!$A$5:$A$34,$D12,Customer_Invoices!$J$5:$J$34,H$8) -> 4400 | I12: =SUMIFS(Customer_Invoices!$H$5:$H$34,Customer_Invoices!$A$5:$A$34,$D12,Customer_Invoices!$J$5:$J$34,I$8) -> 0 | J12: =SUM(E12:I12) -> 4400
A13: 90+ | B13: =SUMIFS(Customer_Invoices!$H$5:$H$34,Customer_Invoices!$J$5:$J$34,A13) -> 0 | D13: Chesapeake Fabricators | E13: =SUMIFS(Customer_Invoices!$H$5:$H$34,Customer_Invoices!$A$5:$A$34,$D13,Customer_Invoices!$J$5:$J$34,E$8) -> 6600 | F13: =SUMIFS(Customer_Invoices!$H$5:$H$34,Customer_Invoices!$A$5:$A$34,$D13,Customer_Invoices!$J$5:$J$34,F$8) -> 8000 | G13: =SUMIFS(Customer_Invoices!$H$5:$H$34,Customer_Invoices!$A$5:$A$34,$D13,Customer_Invoices!$J$5:$J$34,G$8) -> 0 | H13: =SUMIFS(Customer_Invoices!$H$5:$H$34,Customer_Invoices!$A$5:$A$34,$D13,Customer_Invoices!$J$5:$J$34,H$8) -> 0 | I13: =SUMIFS(Customer_Invoices!$H$5:$H$34,Customer_Invoices!$A$5:$A$34,$D13,Customer_Invoices!$J$5:$J$34,I$8) -> 0 | J13: =SUM(E13:I13) -> 14600
A14: Total Open AR | B14: =SUM(B9:B13) -> 228500 | D14: Coastal Cabinet Group | E14: =SUMIFS(Customer_Invoices!$H$5:$H$34,Customer_Invoices!$A$5:$A$34,$D14,Customer_Invoices!$J$5:$J$34,E$8) -> 0 | F14: =SUMIFS(Customer_Invoices!$H$5:$H$34,Customer_Invoices!$A$5:$A$34,$D14,Customer_Invoices!$J$5:$J$34,F$8) -> 0 | G14: =SUMIFS(Customer_Invoices!$H$5:$H$34,Customer_Invoices!$A$5:$A$34,$D14,Customer_Invoices!$J$5:$J$34,G$8) -> 7600 | H14: =SUMIFS(Customer_Invoices!$H$5:$H$34,Customer_Invoices!$A$5:$A$34,$D14,Customer_Invoices!$J$5:$J$34,H$8) -> 0 | I14: =SUMIFS(Customer_Invoices!$H$5:$H$34,Customer_Invoices!$A$5:$A$34,$D14,Customer_Invoices!$J$5:$J$34,I$8) -> 0 | J14: =SUM(E14:I14) -> 7600
D15: Harbor Fixtures LLC | E15: =SUMIFS(Customer_Invoices!$H$5:$H$34,Customer_Invoices!$A$5:$A$34,$D15,Customer_Invoices!$J$5:$J$34,E$8) -> 5250 | F15: =SUMIFS(Customer_Invoices!$H$5:$H$34,Customer_Invoices!$A$5:$A$34,$D15,Customer_Invoices!$J$5:$J$34,F$8) -> 0 | G15: =SUMIFS(Customer_Invoices!$H$5:$H$34,Customer_Invoices!$A$5:$A$34,$D15,Customer_Invoices!$J$5:$J$34,G$8) -> 8750 | H15: =SUMIFS(Customer_Invoices!$H$5:$H$34,Customer_Invoices!$A$5:$A$34,$D15,Customer_Invoices!$J$5:$J$34,H$8) -> 0 | I15: =SUMIFS(Customer_Invoices!$H$5:$H$34,Customer_Invoices!$A$5:$A$34,$D15,Customer_Invoices!$J$5:$J$34,I$8) -> 0 | J15: =SUM(E15:I15) -> 14000
D16: James River Office Works | E16: =SUMIFS(Customer_Invoices!$H$5:$H$34,Customer_Invoices!$A$5:$A$34,$D16,Customer_Invoices!$J$5:$J$34,E$8) -> 5800 | F16: =SUMIFS(Customer_Invoices!$H$5:$H$34,Customer_Invoices!$A$5:$A$34,$D16,Customer_Invoices!$J$5:$J$34,F$8) -> 0 | G16: =SUMIFS(Customer_Invoices!$H$5:$H$34,Customer_Invoices!$A$5:$A$34,$D16,Customer_Invoices!$J$5:$J$34,G$8) -> 0 | H16: =SUMIFS(Customer_Invoices!$H$5:$H$34,Customer_Invoices!$A$5:$A$34,$D16,Customer_Invoices!$J$5:$J$34,H$8) -> 0 | I16: =SUMIFS(Customer_Invoices!$H$5:$H$34,Customer_Invoices!$A$5:$A$34,$D16,Customer_Invoices!$J$5:$J$34,I$8) -> 0 | J16: =SUM(E16:I16) -> 5800
D17: Loudoun County Remodelers | E17: =SUMIFS(Customer_Invoices!$H$5:$H$34,Customer_Invoices!$A$5:$A$34,$D17,Customer_Invoices!$J$5:$J$34,E$8) -> 3800 | F17: =SUMIFS(Customer_Invoices!$H$5:$H$34,Customer_Invoices!$A$5:$A$34,$D17,Customer_Invoices!$J$5:$J$34,F$8) -> 0 | G17: =SUMIFS(Customer_Invoices!$H$5:$H$34,Customer_Invoices!$A$5:$A$34,$D17,Customer_Invoices!$J$5:$J$34,G$8) -> 0 | H17: =SUMIFS(Customer_Invoices!$H$5:$H$34,Customer_Invoices!$A$5:$A$34,$D17,Customer_Invoices!$J$5:$J$34,H$8) -> 0 | I17: =SUMIFS(Customer_Invoices!$H$5:$H$34,Customer_Invoices!$A$5:$A$34,$D17,Customer_Invoices!$J$5:$J$34,I$8) -> 0 | J17: =SUM(E17:I17) -> 3800
D18: Metro Equipment Services | E18: =SUMIFS(Customer_Invoices!$H$5:$H$34,Customer_Invoices!$A$5:$A$34,$D18,Customer_Invoices!$J$5:$J$34,E$8) -> 4800 | F18: =SUMIFS(Customer_Invoices!$H$5:$H$34,Customer_Invoices!$A$5:$A$34,$D18,Customer_Invoices!$J$5:$J$34,F$8) -> 0 | G18: =SUMIFS(Customer_Invoices!$H$5:$H$34,Customer_Invoices!$A$5:$A$34,$D18,Customer_Invoices!$J$5:$J$34,G$8) -> 6200 | H18: =SUMIFS(Customer_Invoices!$H$5:$H$34,Customer_Invoices!$A$5:$A$34,$D18,Customer_Invoices!$J$5:$J$34,H$8) -> 0 | I18: =SUMIFS(Customer_Invoices!$H$5:$H$34,Customer_Invoices!$A$5:$A$34,$D18,Customer_Invoices!$J$5:$J$34,I$8) -> 0 | J18: =SUM(E18:I18) -> 11000
D19: Norfolk Facility Group | E19: =SUMIFS(Customer_Invoices!$H$5:$H$34,Customer_Invoices!$A$5:$A$34,$D19,Customer_Invoices!$J$5:$J$34,E$8) -> 18300 | F19: =SUMIFS(Customer_Invoices!$H$5:$H$34,Customer_Invoices!$A$5:$A$34,$D19,Customer_Invoices!$J$5:$J$34,F$8) -> 0 | G19: =SUMIFS(Customer_Invoices!$H$5:$H$34,Customer_Invoices!$A$5:$A$34,$D19,Customer_Invoices!$J$5:$J$34,G$8) -> 0 | H19: =SUMIFS(Customer_Invoices!$H$5:$H$34,Customer_Invoices!$A$5:$A$34,$D19,Customer_Invoices!$J$5:$J$34,H$8) -> 0 | I19: =SUMIFS(Customer_Invoices!$H$5:$H$34,Customer_Invoices!$A$5:$A$34,$D19,Customer_Invoices!$J$5:$J$34,I$8) -> 0 | J19: =SUM(E19:I19) -> 18300
D20: Old Dominion Components | E20: =SUMIFS(Customer_Invoices!$H$5:$H$34,Customer_Invoices!$A$5:$A$34,$D20,Customer_Invoices!$J$5:$J$34,E$8) -> 0 | F20: =SUMIFS(Customer_Invoices!$H$5:$H$34,Customer_Invoices!$A$5:$A$34,$D20,Customer_Invoices!$J$5:$J$34,F$8) -> 7500 | G20: =SUMIFS(Customer_Invoices!$H$5:$H$34,Customer_Invoices!$A$5:$A$34,$D20,Customer_Invoices!$J$5:$J$34,G$8) -> 0 | H20: =SUMIFS(Customer_Invoices!$H$5:$H$34,Customer_Invoices!$A$5:$A$34,$D20,Customer_Invoices!$J$5:$J$34,H$8) -> 0 | I20: =SUMIFS(Customer_Invoices!$H$5:$H$34,Customer_Invoices!$A$5:$A$34,$D20,Customer_Invoices!$J$5:$J$34,I$8) -> 0 | J20: =SUM(E20:I20) -> 7500
D21: Piedmont Medical Labs | E21: =SUMIFS(Customer_Invoices!$H$5:$H$34,Customer_Invoices!$A$5:$A$34,$D21,Customer_Invoices!$J$5:$J$34,E$8) -> 11700 | F21: =SUMIFS(Customer_Invoices!$H$5:$H$34,Customer_Invoices!$A$5:$A$34,$D21,Customer_Invoices!$J$5:$J$34,F$8) -> 0 | G21: =SUMIFS(Customer_Invoices!$H$5:$H$34,Customer_Invoices!$A$5:$A$34,$D21,Customer_Invoices!$J$5:$J$34,G$8) -> 0 | H21: =SUMIFS(Customer_Invoices!$H$5:$H$34,Customer_Invoices!$A$5:$A$34,$D21,Customer_Invoices!$J$5:$J$34,H$8) -> 0 | I21: =SUMIFS(Customer_Invoices!$H$5:$H$34,Customer_Invoices!$A$5:$A$34,$D21,Customer_Invoices!$J$5:$J$34,I$8) -> 0 | J21: =SUM(E21:I21) -> 11700
D22: Potomac Builder Direct | E22: =SUMIFS(Customer_Invoices!$H$5:$H$34,Customer_Invoices!$A$5:$A$34,$D22,Customer_Invoices!$J$5:$J$34,E$8) -> 0 | F22: =SUMIFS(Customer_Invoices!$H$5:$H$34,Customer_Invoices!$A$5:$A$34,$D22,Customer_Invoices!$J$5:$J$34,F$8) -> 0 | G22: =SUMIFS(Customer_Invoices!$H$5:$H$34,Customer_Invoices!$A$5:$A$34,$D22,Customer_Invoices!$J$5:$J$34,G$8) -> 0 | H22: =SUMIFS(Customer_Invoices!$H$5:$H$34,Customer_Invoices!$A$5:$A$34,$D22,Customer_Invoices!$J$5:$J$34,H$8) -> 0 | I22: =SUMIFS(Customer_Invoices!$H$5:$H$34,Customer_Invoices!$A$5:$A$34,$D22,Customer_Invoices!$J$5:$J$34,I$8) -> 0 | J22: =SUM(E22:I22) -> 0
D23: Richmond Contract Furniture | E23: =SUMIFS(Customer_Invoices!$H$5:$H$34,Customer_Invoices!$A$5:$A$34,$D23,Customer_Invoices!$J$5:$J$34,E$8) -> 28400 | F23: =SUMIFS(Customer_Invoices!$H$5:$H$34,Customer_Invoices!$A$5:$A$34,$D23,Customer_Invoices!$J$5:$J$34,F$8) -> 0 | G23: =SUMIFS(Customer_Invoices!$H$5:$H$34,Customer_Invoices!$A$5:$A$34,$D23,Customer_Invoices!$J$5:$J$34,G$8) -> 0 | H23: =SUMIFS(Customer_Invoices!$H$5:$H$34,Customer_Invoices!$A$5:$A$34,$D23,Customer_Invoices!$J$5:$J$34,H$8) -> 0 | I23: =SUMIFS(Customer_Invoices!$H$5:$H$34,Customer_Invoices!$A$5:$A$34,$D23,Customer_Invoices!$J$5:$J$34,I$8) -> 0 | J23: =SUM(E23:I23) -> 28400
D24: Roanoke Industrial Supply | E24: =SUMIFS(Customer_Invoices!$H$5:$H$34,Customer_Invoices!$A$5:$A$34,$D24,Customer_Invoices!$J$5:$J$34,E$8) -> 22850 | F24: =SUMIFS(Customer_Invoices!$H$5:$H$34,Customer_Invoices!$A$5:$A$34,$D24,Customer_Invoices!$J$5:$J$34,F$8) -> 0 | G24: =SUMIFS(Customer_Invoices!$H$5:$H$34,Customer_Invoices!$A$5:$A$34,$D24,Customer_Invoices!$J$5:$J$34,G$8) -> 0 | H24: =SUMIFS(Customer_Invoices!$H$5:$H$34,Customer_Invoices!$A$5:$A$34,$D24,Customer_Invoices!$J$5:$J$34,H$8) -> 0 | I24: =SUMIFS(Customer_Invoices!$H$5:$H$34,Customer_Invoices!$A$5:$A$34,$D24,Customer_Invoices!$J$5:$J$34,I$8) -> 0 | J24: =SUM(E24:I24) -> 22850
D25: Shenandoah Builders Supply | E25: =SUMIFS(Customer_Invoices!$H$5:$H$34,Customer_Invoices!$A$5:$A$34,$D25,Customer_Invoices!$J$5:$J$34,E$8) -> 9200 | F25: =SUMIFS(Customer_Invoices!$H$5:$H$34,Customer_Invoices!$A$5:$A$34,$D25,Customer_Invoices!$J$5:$J$34,F$8) -> 0 | G25: =SUMIFS(Customer_Invoices!$H$5:$H$34,Customer_Invoices!$A$5:$A$34,$D25,Customer_Invoices!$J$5:$J$34,G$8) -> 0 | H25: =SUMIFS(Customer_Invoices!$H$5:$H$34,Customer_Invoices!$A$5:$A$34,$D25,Customer_Invoices!$J$5:$J$34,H$8) -> 0 | I25: =SUMIFS(Customer_Invoices!$H$5:$H$34,Customer_Invoices!$A$5:$A$34,$D25,Customer_Invoices!$J$5:$J$34,I$8) -> 0 | J25: =SUM(E25:I25) -> 9200
D26: Summit Contractors Group | E26: =SUMIFS(Customer_Invoices!$H$5:$H$34,Customer_Invoices!$A$5:$A$34,$D26,Customer_Invoices!$J$5:$J$34,E$8) -> 0 | F26: =SUMIFS(Customer_Invoices!$H$5:$H$34,Customer_Invoices!$A$5:$A$34,$D26,Customer_Invoices!$J$5:$J$34,F$8) -> 8300 | G26: =SUMIFS(Customer_Invoices!$H$5:$H$34,Customer_Invoices!$A$5:$A$34,$D26,Customer_Invoices!$J$5:$J$34,G$8) -> 0 | H26: =SUMIFS(Customer_Invoices!$H$5:$H$34,Customer_Invoices!$A$5:$A$34,$D26,Customer_Invoices!$J$5:$J$34,H$8) -> 0 | I26: =SUMIFS(Customer_Invoices!$H$5:$H$34,Customer_Invoices!$A$5:$A$34,$D26,Customer_Invoices!$J$5:$J$34,I$8) -> 0 | J26: =SUM(E26:I26) -> 8300
D27: Virginia Transit Parts | E27: =SUMIFS(Customer_Invoices!$H$5:$H$34,Customer_Invoices!$A$5:$A$34,$D27,Customer_Invoices!$J$5:$J$34,E$8) -> 30400 | F27: =SUMIFS(Customer_Invoices!$H$5:$H$34,Customer_Invoices!$A$5:$A$34,$D27,Customer_Invoices!$J$5:$J$34,F$8) -> 0 | G27: =SUMIFS(Customer_Invoices!$H$5:$H$34,Customer_Invoices!$A$5:$A$34,$D27,Customer_Invoices!$J$5:$J$34,G$8) -> 0 | H27: =SUMIFS(Customer_Invoices!$H$5:$H$34,Customer_Invoices!$A$5:$A$34,$D27,Customer_Invoices!$J$5:$J$34,H$8) -> 0 | I27: =SUMIFS(Customer_Invoices!$H$5:$H$34,Customer_Invoices!$A$5:$A$34,$D27,Customer_Invoices!$J$5:$J$34,I$8) -> 0 | J27: =SUM(E27:I27) -> 30400
